{"cameraMode":{"drawMode":0,"name":"Shaded","section":"Shading Mode"},"sceneLighting":true,"audioPlay":false,"sceneViewState":{"m_AlwaysRefresh":false,"showFog":true,"showSkybox":true,"showFlares":true,"showImageEffects":true,"showParticleSystems":true,"showVisualEffectGraphs":true,"m_FxEnabled":true},"in2DMode":false,"pivot":{"x":-0.3746615946292877,"y":-0.16349844634532929,"z":-9.755989074707032},"rotation":{"x":-0.08288460969924927,"y":-0.10222139954566956,"z":0.008704008534550667,"w":-0.9915785193443298},"size":1.0287973880767823,"orthographic":false}