{"cameraMode":{"drawMode":0,"name":"Shaded","section":"Shading Mode"},"sceneLighting":false,"audioPlay":false,"sceneViewState":{"m_AlwaysRefresh":false,"showFog":true,"showSkybox":false,"showFlares":true,"showImageEffects":true,"showParticleSystems":true,"showVisualEffectGraphs":true,"m_FxEnabled":true},"in2DMode":false,"pivot":{"x":-0.10339999198913574,"y":0.40639999508857729,"z":-11.402999877929688},"rotation":{"x":-0.06218663975596428,"y":0.44388237595558169,"z":0.031127383932471277,"w":0.89350426197052},"size":0.15023750066757203,"orthographic":false}